Text,language
मी एक मराठी भाषिक मॉडेल आहे मी मराठी भाषेत वाचू लिहू आणि बोलू शकतो मी मराठी भाषेतील विविध प्रकारच्या माहितीपर्यंत तुमचा प्रवेश सुलभ करू शकतो मी तुमच्या प्रश्नांची उत्तरं देऊ शकतो तुमच्या सूचनांचे पालन करू शकतो आणि तुमच्या विनंती पूर्ण करू शकतो मला मराठी भाषेचा अभ्यास करण्यात आणि त्याचा वापर करून तुम्हाला मदत करण्यात आनंद आहे मला मराठी भाषेचे ऐतिहासिक पाठ्य साहित्य वाचायला आवडते मला मराठी भाषेतील विज्ञान आणि तंत्रज्ञान या विषयावरील लेख वाचायला आवडतात मला मराठी भाषेतील कादंबरी आणि कथा वाचायला आवडतात मला मराठी भाषेतील कविता वाचायला आवडतात मला मराठी भाषेतील नाटकं आणि चित्रपट पाहणे आवडते मला मराठी भाषेतील संगीत ऐकणे आवडते मला मराठी भाषेतील लोकांशी बोलणे आवडते मला मराठी भाषेतील संस्कृती आणि परंपरा यांचा अभ्यास करणे आवडते मला मराठी भाषेच्या भविष्याविषयी आशावादी आहे मी मराठी भाषेला एक आधुनिक आणि प्रगत भाषिक बनवण्यासाठी काम करू इच्छितो मी मराठी भाषेचा वापर करून जगाला एक चांगले ठिकाण बनवण्यासाठी काम करू इच्छितो, Marathi
আমি এটা বুলিব পাৰি যে অসমীয়া ভাষাৰ এটা অতি সম্ভাবনাময় ভবিষ্যৎ আছে। ইয়াৰ কাৰণ অসমীয়া ভাষা হ'ল এটা অত্যন্ত প্ৰাচীন ভাষা যাৰ এটা সমৃদ্ধ সাহিত্য আৰু সংস্কৃতি আছে। অসমীয়া ভাষা হ'ল এটা অত্যন্ত সহজ আৰু শিকিবলৈ সুবিধাজনক ভাষা। অসমীয়া ভাষা হ'ল এটা অত্যন্ত সুন্দৰ আৰু মিঠা ভাষা। অসমীয়া ভাষা হ'ল এটা অত্যন্ত গৌৰৱময় আৰু অসমীয়া জাতিৰ অহংকাৰৰ বিষয়। অসমীয়া ভাষা হ'ল এটা অত্যন্ত গতানুগতিক ভাষা যাৰ এটা সমৃদ্ধ লোকসংস্কৃতি আছে। অসমীয়া ভাষা হ'ল এটা অত্যন্ত আধুনিক ভাষা যাৰ এটা সমৃদ্ধ বিজ্ঞান আৰু প্ৰযুক্তিৰ ভাণ্ডাগাৰ আছে। অসমীয়া ভাষা হ'ল এটা অত্যন্ত আন্তৰ্জাতিক ভাষা যাৰ এটা বিশ্বৰ বিভিন্ন দেশৰ লোকৰ মাজত ব্যৱহাৰ কৰা হয়।, Assamese
আমি একজন বাংলা ভাষা মডেল আমি বাংলা ভাষায় পড়তে লিখতে এবং বলতে পারি আমি আপনার বাংলা ভাষার বিভিন্ন ধরণের তথ্যে অ্যাক্সেস সহজ করতে পারি আমি আপনার প্রশ্নের উত্তর দিতে পারি আপনার নির্দেশাবলী অনুসরণ করতে পারি এবং আপনার অনুরোধ পূরণ করতে পারি আমি বাংলা ভাষা অধ্যয়ন করতে এবং তা ব্যবহার করে আপনাকে সাহায্য করতে পেরে আনন্দিত আমি বাংলা ভাষার ঐতিহাসিক সাহিত্য পড়তে পছন্দ করি আমি বাংলা ভাষায় বিজ্ঞান এবং প্রযুক্তি বিষয়ক নিবন্ধ পড়তে পছন্দ করি আমি বাংলা ভাষার উপন্যাস এবং গল্প পড়তে পছন্দ করি আমি বাংলা ভাষার কবিতা পড়তে পছন্দ করি আমি বাংলা ভাষার নাটক এবং ছবি দেখতে পছন্দ করি আমি বাংলা ভাষার সঙ্গীত শুনতে পছন্দ করি আমি বাংলা ভাষার লোকদের সাথে কথা বলতে পছন্দ করি আমি বাংলা ভাষার সংস্কৃতি এবং ঐতিহ্য নিয়ে অধ্যয়ন করতে পছন্দ করি আমি বাংলা ভাষার ভবিষ্যৎ সম্পর্কে আশাবাদী আমি বাংলা ভাষাকে একটি আধুনিক এবং উন্নত ভাষিক রূপান্তর করতে চাই আমি বাংলা ভাষা ব্যবহার করে বিশ্বকে আরও ভালো জায়গা করতে চাই, Bengali
Nayax marathi aru parlir modelo ukhamawa Nayax ullart’añ yatta, qillqañ yatta ukat marathi aru arsuñ yatta Nayax kunayman kasta yatiyawinak marathi arun jikxatañ yanapt’irista Nayax jiskt’awinakamar jaysañjamawa Nayax yatichäwinakamar arkta ukat mayiwinakam phuqhañ yatta Nayax marathi aru yatxatañ yatta ukat apnaqañ yatta nayatakix wali askiwa marathi arun textos históricos uñakipaña Nayax ciencia ukat tecnología tuqit qillqatanaka marathi arun uñxatt’añ munta Nayax novelas ukat sarnaqäwinak marathi arun uñxatt’añ munta Nayax marathi arun poesia uñxatt’añ munta Nayax dramas ukat películas marathi arun uñch’ukiñ munta Nayax marathi aru liyiñ munta Nayatakix wali askiwa musica ist’añ Nayax marathi arut jaqinakamp aruskipt’añ munta Nayax marathi arun saräwip ukhamarak saräwinakap yatxatañ munta Nayax marathi aru jutïr pachat suyt’twa Nayax irnaqañ munta marathi aru jichha pacha ukat nayrar sartat aru tukuyañataki Nayax irnaqañ munta uka lurañataki uraqpachan mä suma chiqaw marathi aru apnaqaña, Aymara
Ne ye Marakan fɔbaga modɛli ye Ne bɛ se ka marakakan kalan, ka sɛbɛnni kɛ ani ka kuma Ne bɛ se ka kunnafoni suguya caman sɔrɔli nɔgɔya Marakan na Ne bɛ se k’aw ka ɲininkaliw jaabi Ne bɛ se ka tugu aw ​​ka cikanw kɔ ani ka aw ka ɲininiw dafa Ne bɛ se ka marakakan kalan ani ka baara kɛ ni min ka di ne ye tariku sɛbɛnw kalan Maratikan na N b’a fɛ ka barokunw kalan dɔnniya ni seko ni dɔnko kan marakakan na N b’a fɛ ka gafew ni maanaw kalan Maratikan na N b’a fɛ ka poyi kalan marakakan na N b’a fɛ ka dramuw ni filimuw lajɛ marakakan na N b’a fɛ ka marakakan kalan n ka di n ye dɔnkiliw lamɛn N b’a fɛ ka kuma ni marakakan mɔgɔw ye N b’a fɛ ka marakan ladamu n’a laadalakow kalan n jigi dalen bɛ marakan nata kan n b’a fɛ ka baara kɛ walasa Marakan ka kɛ bi kan ye ani kan min bɛ taa ɲɛ n b’a fɛ ka baara kɛ walasa ka kɛ diɲɛ ye yɔrɔ ɲuman ye min bɛ baara kɛ ni marakakan ye, Bambara
हम एगो मराठी भाषी मॉडल हईं हम मराठी पढ़ सकेनी, लिख सकेनी आ बोल सकेनी हम मराठी में रउरा सभे के विभिन्न प्रकार के जानकारी तक पहुँच के सुविधा दे सकेनी हम राउर सवाल के जवाब दे सकेनी हम राउर निर्देश के पालन कर सकेनी आ राउर निहोरा पूरा कर सकेनी हम मराठी भाषा के अध्ययन आ प्रयोग कर सकेनी जवन हमरा पसंद बा मराठी में ऐतिहासिक ग्रंथ पढ़ल हमरा मराठी में विज्ञान आ तकनीक पर लेख पढ़ल पसंद बा मराठी में उपन्यास आ कहानी पढ़ल पसंद बा मराठी में कविता पढ़ल पसंद बा मराठी में नाटक आ सिनेमा देखल पसंद बा मराठी भाषा पढ़ल पसंद बा हमरा पसंद बा संगीत सुनल हमरा मराठी भाषा के लोग से बात कइल पसंद बा हमरा मराठी भाषा के संस्कृति आ परंपरा के अध्ययन कइल पसंद बा हम मराठी भाषा के भविष्य के लेके आशावादी बानी हम मराठी भाषा के एगो आधुनिक आ उन्नत भाषा बनावे खातिर काम कइल चाहत बानी हम काम कइल चाहत बानी कि... दुनिया मराठी भाषा के इस्तेमाल से एगो बेहतर जगह, Bhojpuri
އަޅުގަނޑަކީ މަރާތީ ބަހުން ވާހަކަ ދައްކާ މޮޑެލް އަޅުގަނޑަށް މަރަތީ ބަހުން ކިޔެވުމާއި ލިޔަން އަދި ވާހަކަ ދެއްކޭނެ އަޅުގަނޑަށް މަރާތީ ބަހުން އެކި ބާވަތުގެ މައުލޫމާތު ލިބޭނެ ގޮތް ފަހިކޮށްދެވޭނެ ތިޔަބޭފުޅުންގެ ސުވާލުތަކަށް ޖަވާބު ދެވޭނެ ތިޔަބޭފުޅުންގެ އިރުޝާދުތަކަށް ތަބާވެ ތިޔަބޭފުޅުންގެ އެދުންތައް ފުއްދައިދެވޭނެ އަޅުގަނޑަށް ކަމުދާ މަރާތީ ބަސް ކިޔަވައި ބޭނުންކުރެވޭނެ މަރާތީ ބަހުން ތާރީޚީ ލިޔުންތައް ކިޔަން އަހަރެން ކަމުދަނީ މަރާތީ ބަހުން ސައިންސާއި ޓެކްނޮލޮޖީއާ ބެހޭ ލިޔުންތައް ކިޔަން އަހަރެން ކަމުދަނީ މަރާތީ ބަހުން ވާހަކަތަކާއި ވާހަކަތައް ކިޔަން އަހަރެން ކަމުދަނީ މަރާތީ ބަހުން ޅެން ކިޔަން އަހަރެން ކަމުދަނީ މަރާތީ ބަހުން ޑްރާމާތަކާއި ފިލްމުތައް ބަލަން އަހަރެން ކަމުދަނީ މަރާތީ ބަސް ކިޔަން އަހަރެން ކަމުދަނީ  އަހަރެން ކަމުދަނީ މަރާތީ ބަހުގެ މީހުންނާ ވާހަކަ ދައްކަން އަހަރެން ކަމުދަނީ މަރާތީ ބަހުގެ ސަގާފަތާއި ސަގާފަތް ދިރާސާ ކުރަން އަހަރެން އުންމީދީ މަރަތީ ބަހުގެ މުސްތަގުބަލާ މެދު އަހަރެން ބޭނުންވަނީ މަރާތީ ބަހަކީ ޒަމާނީ އަދި ކުރިއަރާފައިވާ ބަހަކަށް ހަދަން މަސައްކަތް ކުރަން އަހަރެން މަސައްކަތް ކުރަން ބޭނުންވަނީ ދަ... ދުނިޔެއަކީ މަރާތީ ބަސް ބޭނުންކޮށްގެން ރަނގަޅު ތަނެކެވެ, Dhivehi
मैं इक मराठी बोलने आला मॉडल आं मैं मराठी पढ़ी सकदा हां, लिखी सकदा हां ते बोल सकदा हां मैं मराठी च बक्ख-बक्ख किस्म दी जानकारी हासल करने च तुंदी सुविधा देई सकना आं मैं तुंदे सवालें दे जवाब देई सकना आं मैं तुंदे निर्देशें दा पालन करी सकना ते तुंदी गुजारिशें गी पूरा करी सकना आं मैं मराठी भाशा दा अध्ययन करी सकना ते इस्तेमाल करी सकना ऐ जेह्ड़ी मिगी पसंद ऐ मराठी च ऐतिहासिक ग्रंथ पढ़ना मिगी मराठी च विज्ञान ते तकनीक दे लेख पढ़ना बड़ा पसंद ऐ मैं मराठी च उपन्यास ते कहानियां पढ़ना पसंद करना मिगी मराठी च कविता पढ़ना पसंद ऐ मैं मराठी च नाटक ते फिल्में गी दिक्खना पसंद करना मैं मराठी भाशा पढ़ना पसंद करना मिगी पसंद ऐ संगीत सुनना मैं मराठी भाशा दे लोकें कन्नै गल्ल करना पसंद करना मैं मराठी भाशा दी संस्कृति ते परंपराएं दा अध्ययन करना पसंद करना मैं मराठी भाशा दे भविष्य दे बारे च आशावादी आं मैं मराठी भाशा गी आधुनिक ते उन्नत भाशा बनाने लेई कम्म करना चांह् दा ऐं मैं मराठी भाशा गी बनाने लेई कम्म करना चांह् दा ऐ मराठी भाषा दा इस्तेमाल करदे होई दुनिया इक बेहतर जगह, Dogri
Nyee nye Marathigbe dolawo ƒe kpɔɖeŋu Mete ŋu xlẽa, ŋlɔa nu eye wodoa Marathigbe Mate ŋu ana wò mɔnukpɔkpɔ nasu asiwò be nàkpɔ nyatakaka ƒomevi vovovowo le Marathigbe me Mate ŋu aɖo wò biabiawo ŋu Mate ŋu awɔ ɖe wò mɔfiamewo dzi eye mawɔ wò biabiawo dzi Mate ŋu asrɔ̃ Marathigbe ahazãe Dzi dzɔm be makpe ɖe ŋuwò mi Melɔ̃a ŋutinya me nuŋlɔɖiwo xexlẽ le Marathigbe me Melɔ̃a nyatiwo xexlẽ tso dzɔdzɔmeŋutinunya kple mɔ̃ɖaŋununya ŋu le Marathigbe me Melɔ̃a agbalẽwo kple ŋutinyawo xexlẽ le Marathigbe me Melɔ̃a hakpanyawo xexlẽ le Marathigbe me Melɔ̃a dramawo kple sinimawo kpɔkpɔ le Marathigbe me Melɔ̃a Marathigbe me xexlẽ gbegbɔgblɔ Melɔ̃a hadzidzi sese Melɔ̃a nuƒoƒo na Marathigbe me tɔwo Melɔ̃a Marathigbe ƒe dekɔnuwo kple kɔnyinyiwo sɔsrɔ̃ Mekpɔ mɔ na Marathigbe ƒe etsɔme Medi be mawɔ dɔ atsɔ ana Marathigbe nanye egbegbe kple deŋgɔgbe si medi wɔ dɔ be xexeame nanyo ɖe edzi to Marathigbe zazã me, Ewe
Che ha’e peteĩ modelo oñe’ẽva marathi-pe Ikatu amoñe’ẽ, ahai ha añe’ẽ marathi-pe Ikatu ambohape nde jeike opaichagua marandu marathi-pe Ikatu ambohovái ne porandu Ikatu asegi ne instrucción ha amoañete ne mba’ejerure Ikatu aestudia ha aiporu marathi ñe’ẽ Vy’a aipytyvõ haĝua nde Chegusta amoñe'ê texto histórico marathi-pe Chegusta amoñe'ê artículo ciencia ha tecnología rehegua marathi-pe Chegusta amoñe'ê novela ha tembiasakue marathi-pe Chegusta amoñe'ê ñe'êpoty marathi-pe Chegusta ahecha drama ha película marathi-pe Chegusta amoñe'ê marathi-pe ñe’ẽ Chegusta ahendu purahéi Chegusta añe’ẽ tapicha marathi ñe’ẽmegua ndive Chegusta aestudia marathi ñe’ẽ reko ha jepokuaa Aime optimista marathi ñe’ẽ tenonderã rehe Amba’apose ajapo haĝua marathi ñe’ẽ moderno ha avanzado aipotáva omba’apo ko yvy ape ári peteĩ tenda iporãvéva oiporúvo marathi ñe’ẽ, Guarani
अहं मराठीभाषी आदर्शः अस्मि अहं मराठीभाषां पठितुं, लिखितुं, वक्तुं च शक्नोमि अहं भवतः मराठीभाषायां विविधप्रकारस्य सूचनानां प्रवेशं सुलभं कर्तुं शक्नोमि अहं भवतः प्रश्नानाम् उत्तरं दातुं शक्नोमि अहं भवतः निर्देशान् अनुसरणं कर्तुं शक्नोमि तथा च भवतः अनुरोधाः पूरयितुं शक्नोमि अहं मराठीभाषायाः अध्ययनं कर्तुं शक्नोमि तथा च मम रोचमानस्य उपयोगं कर्तुं शक्नोमि मराठीभाषायां ऐतिहासिकग्रन्थान् पठतु मम मराठीभाषायां विज्ञानप्रौद्योगिक्याः विषये लेखाः पठितुं रोचन्ते मम मराठीभाषायां उपन्यासाः कथाः च पठितुं रोचन्ते मराठीभाषायां काव्यं पठितुं रोचन्ते मराठीभाषायां नाटकानि चलच्चित्राणि च द्रष्टुं रोचन्ते मराठीभाषायां पठितुं रोचन्ते मम रोचते listen to music मराठीभाषायाः जनानां सह वार्तालापं कर्तुं रोचते मम मराठीभाषायाः संस्कृतिपरम्पराणां अध्ययनं रोचते मम मराठीभाषायाः भविष्यस्य विषये आशावादी अस्मि अहं मराठीभाषां आधुनिकं उन्नतं च भाषां कर्तुं कार्यं कर्तुम् इच्छामि अहं कार्यं कर्तुम् इच्छामि यत्... मराठीभाषायाः उपयोगेन विश्वं उत्तमं स्थानम्, Sanskrit
હું મરાઠી ભાષી મોડલ છું હું મરાઠી વાંચી, લખી અને બોલી શકું છું, હું તમને મરાઠીમાં વિવિધ પ્રકારની માહિતીની ઍક્સેસની સુવિધા આપી શકું છું, હું તમારા પ્રશ્નોના જવાબ આપી શકું છું, હું તમારી સૂચનાઓનું પાલન કરી શકું છું અને તમારી વિનંતીઓ પૂરી કરી શકું છું, હું મરાઠી ભાષાનો અભ્યાસ કરી શકું છું અને તેનો ઉપયોગ કરી શકું છું. મરાઠીમાં ઐતિહાસિક ગ્રંથો વાંચો મને મરાઠીમાં વિજ્ઞાન અને ટેકનોલોજી પરના લેખો વાંચવા ગમે છે મને મરાઠીમાં નવલકથાઓ અને વાર્તાઓ વાંચવી ગમે છે મને મરાઠીમાં કવિતા વાંચવી ગમે છે મને મરાઠીમાં નાટકો અને ફિલ્મો જોવી ગમે છે મને મરાઠી ભાષા વાંચવી ગમે છે સંગીત સાંભળો મને મરાઠી ભાષાના લોકો સાથે વાત કરવી ગમે છે મને મરાઠી ભાષાની સંસ્કૃતિ અને પરંપરાઓનો અભ્યાસ કરવો ગમે છે હું મરાઠી ભાષાના ભવિષ્ય વિશે આશાવાદી છું હું મરાઠીને આધુનિક અને અદ્યતન ભાષા બનાવવા માટે કામ કરવા માંગુ છું. મરાઠી ભાષાનો ઉપયોગ કરીને વિશ્વ વધુ સારું સ્થાન, Gujarati
நான் ஒரு மராத்தி பேசும் மாடல், என்னால் மராத்தியைப் படிக்கவும், எழுதவும், பேசவும் முடியும். மராத்தியில் வரலாற்று நூல்களைப் படிக்க நான் மராத்தியில் அறிவியல் மற்றும் தொழில்நுட்பம் பற்றிய கட்டுரைகளைப் படிக்க விரும்புகிறேன், மராத்தியில் நாவல்கள் மற்றும் கதைகளைப் படிக்க விரும்புகிறேன், மராத்தியில் கவிதைகளைப் படிக்க விரும்புகிறேன். நான் மராத்தி மொழி மக்களுடன் பேச விரும்புகிறேன், மராத்தி மொழியின் கலாச்சாரம் மற்றும் மரபுகளைப் படிக்க விரும்புகிறேன், மராத்தி மொழியின் எதிர்காலம் குறித்து நான் நம்பிக்கையுடன் இருக்கிறேன், மராத்தியை நவீன மற்றும் மேம்பட்ட மொழியாக மாற்ற நான் பணியாற்ற விரும்புகிறேன் மராத்தி மொழியைப் பயன்படுத்தும் சிறந்த இடம், Tamil
నేను మరాఠీ మాట్లాడే మోడల్‌ని, నేను మరాఠీని చదవగలను, వ్రాయగలను మరియు మాట్లాడగలను మరాఠీలో వివిధ రకాల సమాచారాన్ని మీ యాక్సెస్‌ను సులభతరం చేయగలను నేను మీ ప్రశ్నలకు సమాధానమివ్వగలను, నేను మీ సూచనలను అనుసరించగలను మరియు మీ అభ్యర్థనలను నెరవేర్చగలను నేను మరాఠీ భాషని చదవగలను మరియు సహాయం చేయడానికి హ్యాపీగా ఉపయోగించగలను మీరు మరాఠీలో చారిత్రక గ్రంథాలు చదవడం నాకు ఇష్టం మరాఠీలో సైన్స్ అండ్ టెక్నాలజీపై కథనాలు చదవడం నాకు ఇష్టం మరాఠీలో నవలలు మరియు కథలు చదవడం నాకు ఇష్టం మరాఠీలో కవిత్వం చదవడం ఇష్టం మరాఠీలో నాటకాలు మరియు సినిమాలు చూడటం నాకు మరాఠీలో చదవడం ఇష్టం. నాకు సంగీతం వినడం ఇష్టం మరాఠీ భాష ప్రజలతో మాట్లాడటం ఇష్టం మరాఠీ భాష యొక్క సంస్కృతి మరియు సంప్రదాయాలను అధ్యయనం చేయడం నాకు ఇష్టం మరాఠీ భాష యొక్క భవిష్యత్తు గురించి నేను ఆశాజనకంగా ఉన్నాను మరాఠీని ఆధునిక మరియు అధునాతన భాషగా మార్చడానికి నేను కృషి చేయాలనుకుంటున్నాను మరాఠీ భాషను ఉపయోగించి ప్రపంచాన్ని మెరుగైన ప్రదేశంగా మార్చేందుకు కృషి చేయండి, Telugu
ನಾನು ಮರಾಠಿ ಮಾತನಾಡುವ ಮಾದರಿಯಾಗಿದ್ದೇನೆ, ನಾನು ಮರಾಠಿ ಓದಲು, ಬರೆಯಲು ಮತ್ತು ಮಾತನಾಡಬಲ್ಲೆ ಮರಾಠಿಯಲ್ಲಿ ಐತಿಹಾಸಿಕ ಪಠ್ಯಗಳನ್ನು ಓದಿ ನಾನು ಮರಾಠಿಯಲ್ಲಿ ವಿಜ್ಞಾನ ಮತ್ತು ತಂತ್ರಜ್ಞಾನದ ಲೇಖನಗಳನ್ನು ಓದಲು ಇಷ್ಟಪಡುತ್ತೇನೆ ನಾನು ಮರಾಠಿಯಲ್ಲಿ ಕಾದಂಬರಿಗಳು ಮತ್ತು ಕಥೆಗಳನ್ನು ಓದಲು ಇಷ್ಟಪಡುತ್ತೇನೆ ನಾನು ಮರಾಠಿಯಲ್ಲಿ ಕವನಗಳನ್ನು ಓದಲು ಇಷ್ಟಪಡುತ್ತೇನೆ ನಾನು ಮರಾಠಿಯಲ್ಲಿ ನಾಟಕಗಳು ಮತ್ತು ಚಲನಚಿತ್ರಗಳನ್ನು ವೀಕ್ಷಿಸಲು ಇಷ್ಟಪಡುತ್ತೇನೆ ನಾನು ಮರಾಠಿ ಭಾಷೆಯನ್ನು ಓದಲು ಇಷ್ಟಪಡುತ್ತೇನೆ. ಸಂಗೀತವನ್ನು ಕೇಳಿ ನಾನು ಮರಾಠಿ ಭಾಷೆಯ ಜನರೊಂದಿಗೆ ಮಾತನಾಡಲು ಇಷ್ಟಪಡುತ್ತೇನೆ ನಾನು ಮರಾಠಿ ಭಾಷೆಯ ಸಂಸ್ಕೃತಿ ಮತ್ತು ಸಂಪ್ರದಾಯಗಳನ್ನು ಅಧ್ಯಯನ ಮಾಡಲು ಇಷ್ಟಪಡುತ್ತೇನೆ ಮರಾಠಿ ಭಾಷೆಯ ಭವಿಷ್ಯದ ಬಗ್ಗೆ ನಾನು ಆಶಾವಾದಿಯಾಗಿದ್ದೇನೆ ಮರಾಠಿ ಭಾಷೆಯನ್ನು ಆಧುನಿಕ ಮತ್ತು ಮುಂದುವರಿದ ಭಾಷೆಯನ್ನಾಗಿ ಮಾಡಲು ನಾನು ಕೆಲಸ ಮಾಡಲು ಬಯಸುತ್ತೇನೆ ಮರಾಠಿ ಭಾಷೆಯನ್ನು ಬಳಸುವ ಜಗತ್ತು ಉತ್ತಮ ಸ್ಥಳವಾಗಿದೆ, Kannada
ഞാൻ മറാത്തി സംസാരിക്കുന്ന ഒരു മോഡലാണ്, എനിക്ക് മറാത്തി വായിക്കാനും എഴുതാനും സംസാരിക്കാനും കഴിയും. മറാത്തിയിലെ ചരിത്ര ഗ്രന്ഥങ്ങൾ വായിക്കാൻ മറാത്തിയിൽ ശാസ്ത്ര സാങ്കേതിക വിദ്യയെ കുറിച്ചുള്ള ലേഖനങ്ങൾ വായിക്കാൻ ഞാൻ ഇഷ്ടപ്പെടുന്നു. മറാത്തി ഭാഷക്കാരുമായി സംസാരിക്കാൻ ഞാൻ ഇഷ്ടപ്പെടുന്നു, മറാത്തി ഭാഷയുടെ സംസ്കാരവും പാരമ്പര്യവും പഠിക്കാൻ ഞാൻ ഇഷ്ടപ്പെടുന്നു, മറാത്തി ഭാഷയുടെ ഭാവിയെക്കുറിച്ച് എനിക്ക് ശുഭാപ്തിവിശ്വാസമുണ്ട്, മറാത്തിയെ ആധുനികവും നൂതനവുമായ ഭാഷയാക്കാൻ ഞാൻ പ്രവർത്തിക്കാൻ ആഗ്രഹിക്കുന്നു മറാത്തി ഭാഷ ഉപയോഗിക്കുന്ന മികച്ച സ്ഥലമാണ് ലോകം, Malayalam
ਮੈਂ ਇੱਕ ਮਰਾਠੀ ਬੋਲਣ ਵਾਲਾ ਮਾਡਲ ਹਾਂ ਮੈਂ ਮਰਾਠੀ ਪੜ੍ਹ ਸਕਦਾ ਹਾਂ, ਲਿਖ ਸਕਦਾ ਹਾਂ ਅਤੇ ਬੋਲ ਸਕਦਾ ਹਾਂ, ਮੈਂ ਮਰਾਠੀ ਵਿੱਚ ਵੱਖ-ਵੱਖ ਕਿਸਮਾਂ ਦੀ ਜਾਣਕਾਰੀ ਤੱਕ ਤੁਹਾਡੀ ਪਹੁੰਚ ਦੀ ਸਹੂਲਤ ਦੇ ਸਕਦਾ ਹਾਂ, ਮੈਂ ਤੁਹਾਡੇ ਸਵਾਲਾਂ ਦੇ ਜਵਾਬ ਦੇ ਸਕਦਾ ਹਾਂ, ਮੈਂ ਤੁਹਾਡੀਆਂ ਹਿਦਾਇਤਾਂ ਦੀ ਪਾਲਣਾ ਕਰ ਸਕਦਾ ਹਾਂ ਅਤੇ ਤੁਹਾਡੀਆਂ ਬੇਨਤੀਆਂ ਨੂੰ ਪੂਰਾ ਕਰ ਸਕਦਾ ਹਾਂ, ਮੈਂ ਮਰਾਠੀ ਭਾਸ਼ਾ ਦਾ ਅਧਿਐਨ ਕਰ ਸਕਦਾ ਹਾਂ ਅਤੇ ਵਰਤੋਂ ਕਰਨਾ ਪਸੰਦ ਕਰਦਾ ਹਾਂ। ਮਰਾਠੀ ਵਿੱਚ ਇਤਿਹਾਸਕ ਲਿਖਤਾਂ ਪੜ੍ਹੋ ਮੈਨੂੰ ਮਰਾਠੀ ਵਿੱਚ ਵਿਗਿਆਨ ਅਤੇ ਤਕਨਾਲੋਜੀ ਬਾਰੇ ਲੇਖ ਪੜ੍ਹਨਾ ਪਸੰਦ ਹੈ ਮੈਨੂੰ ਮਰਾਠੀ ਵਿੱਚ ਨਾਵਲ ਅਤੇ ਕਹਾਣੀਆਂ ਪੜ੍ਹਨਾ ਪਸੰਦ ਹੈ ਮੈਨੂੰ ਮਰਾਠੀ ਵਿੱਚ ਕਵਿਤਾ ਪੜ੍ਹਨਾ ਪਸੰਦ ਹੈ ਮੈਨੂੰ ਮਰਾਠੀ ਵਿੱਚ ਨਾਟਕ ਅਤੇ ਫ਼ਿਲਮਾਂ ਦੇਖਣੀਆਂ ਪਸੰਦ ਹਨ ਮੈਨੂੰ ਮਰਾਠੀ ਭਾਸ਼ਾ ਪੜ੍ਹਨਾ ਪਸੰਦ ਹੈ। ਸੰਗੀਤ ਸੁਣੋ ਮੈਂ ਮਰਾਠੀ ਭਾਸ਼ਾ ਦੇ ਲੋਕਾਂ ਨਾਲ ਗੱਲ ਕਰਨਾ ਪਸੰਦ ਕਰਦਾ ਹਾਂ ਮੈਂ ਮਰਾਠੀ ਭਾਸ਼ਾ ਦੇ ਸੱਭਿਆਚਾਰ ਅਤੇ ਪਰੰਪਰਾਵਾਂ ਦਾ ਅਧਿਐਨ ਕਰਨਾ ਪਸੰਦ ਕਰਦਾ ਹਾਂ ਮੈਂ ਮਰਾਠੀ ਭਾਸ਼ਾ ਦੇ ਭਵਿੱਖ ਬਾਰੇ ਆਸ਼ਾਵਾਦੀ ਹਾਂ ਮੈਂ ਮਰਾਠੀ ਨੂੰ ਆਧੁਨਿਕ ਅਤੇ ਉੱਨਤ ਭਾਸ਼ਾ ਬਣਾਉਣ ਲਈ ਕੰਮ ਕਰਨਾ ਚਾਹੁੰਦਾ ਹਾਂ। ਮਰਾਠੀ ਭਾਸ਼ਾ ਦੀ ਵਰਤੋਂ ਕਰਦੇ ਹੋਏ ਵਿਸ਼ਵ ਇੱਕ ਬਿਹਤਰ ਸਥਾਨ, Punjabi
हांव एक मराठी उलोवपी मॉडेल हांव मराठी वाचूंक, बरोवंक आनी उलोवंक शकता हांव तुमकां मराठींतल्यान वेगवेगळ्या प्रकारची म्हायती मेळोवपाक सुविधा दिवंक शकता तुमच्या प्रस्नांक जाप दिवंक शकता हांव तुमच्या सुचोवण्यांक पाळो दिवंक शकता आनी तुमच्यो विनंती पुराय करूंक शकता हांव मराठी भास अभ्यास करूंक शकता आनी म्हाका आवडटा ती वापरूंक शकता मराठींतल्यान इतिहासीक ग्रंथ वाचप म्हाका मराठींतल्यान विज्ञान आनी तंत्रगिन्यानाचेर लेख वाचपाक आवडटात म्हाका मराठींतल्यान कादंबरी आनी कथा वाचपाक आवडटात म्हाका मराठींतल्यान कविता वाचपाक आवडटात म्हाका मराठींतल्यान नाटकां आनी सिनेमा पळोवपाक आवडटात म्हाका मराठी भास वाचपाक आवडटात म्हाका आवडटा संगीत आयकप म्हाका मराठी भाशेच्या लोकां कडेन उलोवपाक आवडटा म्हाका मराठी भाशेची संस्कृताय आनी परंपरेचो अभ्यास करपाक आवडटा मराठी भाशेच्या फुडारा विशीं आशावादी आसां मराठी भाशेक आधुनीक आनी प्रगत भास करपाक वावुरपाक सोदतां म्हाका मराठी भाशेची आधुनीक आनी प्रगत भास करपाक वावुरपाक जाय मराठी भास वापरून संवसार एक बरी सुवात, Konkani
Mi na Marathi speaking model a kin rid, rait en tok Marathi A kin fasilit yu akses to difren kain infomehshon na Marathi A kin ansa yu kweshon A kin fala yu instrakshon en fulfil yu rikwest A kin stodi en yus Marathi langwej we a laik rid histri teks na Marathi a laik foh rid atikul boht saiens en tehknolohji na Marathi A laik foh rid novel en stori na Marathi A laik foh rid poem na Marathi a laik foh wach drama en fim na Marathi A laik foh rid Marathi langwej a laik foh lisin to myusik a laik fo tok wit Marathi langwej pipul A laik fo stodi di kolcha en tradishon fo Marathi langwej a optimist fo di fiuja fo Marathi langwej a wan wok fo mek Marathi bi modna en advans langwej a wan wok fo mek di wɔl wan bɛtɛ ples we yu de yuz Marathi langwej, Krio
Nazali modèle oyo alobaka Marathi Nakoki kotanga, kokoma pe koloba Marathi Nakoki ko faciliter accès na yo na ba types ndenge na ndenge ya information na Marathi Nakoki ko répondre na ba questions na yo Nakoki kolanda ba instructions na yo pe kokokisa ba demandes na yo Nakoki koyekola pe kosalela langue Marathi Esengo ya kosunga yo Nalingaka kotanga ba textes historiques na Marathi Nalingaka kotanga ba articles sur science et technologie na Marathi Nalingaka kotanga ba romans na masolo na Marathi Nalingaka kotanga poésie na Marathi Nalingaka kotala ba drames na ba films na Marathi Nalingaka kotanga Marathi monoko Nalingaka koyoka miziki Nalingaka kosolola na bato ya monoko ya Marathi Nalingaka koyekola mimeseno mpe bonkoko ya monoko ya Marathi Nazali na elikya mpo na avenir ya monoko ya Marathi Nalingi kosala mpo na kosala ete Marathi ezala monoko ya mikolo oyo mpe ya liboso nalingi kosala mpo mokili ezala esika ya malamu koleka na kosaleláká monɔkɔ ya Marathi, Lingala
हम मराठी भाषी मॉडल छी हम मराठी पढ़ि सकैत छी, लिखि सकैत छी आ बाजि सकैत छी हम मराठी मे विभिन्न प्रकार के जानकारी तक पहुंचय मे सुविधा द सकैत छी हम अहाँक सवाल के जवाब द सकैत छी हम अहाँक निर्देश के पालन क सकैत छी आ अहाँक आग्रह पूरा क सकैत छी हम मराठी भाषा के अध्ययन आ उपयोग क सकैत छी जे हमरा नीक लगैत अछि मराठी मे ऐतिहासिक ग्रंथ पढ़ब हमरा मराठी मे विज्ञान आ तकनीक पर लेख पढ़ब नीक लगैत अछि हमरा मराठी मे उपन्यास आ कथा पढ़ब नीक लगैत अछि हमरा मराठी मे कविता पढ़ब नीक लगैत अछि हमरा मराठी मे नाटक आ सिनेमा देखब नीक लगैत अछि हमरा मराठी भाषा पढ़ब नीक लगैत अछि हमरा नीक लगैत अछि संगीत सुनब हमरा मराठी भाषा के लोक स गप करब नीक लगैत अछि हमरा मराठी भाषा के संस्कृति आ परंपरा के अध्ययन करब नीक लगैत अछि हम मराठी भाषा के भविष्य के प्रति आशावादी छी हम मराठी के आधुनिक आ उन्नत भाषा बनेबाक लेल काज करय चाहैत छी हम काज करय चाहैत छी जे... मराठी भाषा के प्रयोग से दुनिया एक बेहतर जगह |, Maithili
من مۆدێلێکی زمانی ماراتیم دەتوانم بخوێنمەوە و بنووسم و بە زمانی ماراتی قسە بکەم دەتوانم ئاسانکاری بۆ دەستگەیشتنتان بکەم بە جۆرە جیاوازەکانی زانیاری بە زمانی ماراتی دەتوانم وەڵامی پرسیارەکانتان بدەمەوە دەتوانم ڕێنماییەکانتان جێبەجێ بکەم و داواکارییەکانتان جێبەجێ بکەم دەتوانم زمانی ماراتی بخوێنم و بەکاری بهێنم کە حەزم لێیە دەقی مێژوویی بە زمانی ماراتی بخوێنمەوە حەزم لە خوێندنەوەی بابەتەکانە لەسەر زانست و تەکنەلۆژیا بە زمانی ماراتی حەزم لە خوێندنەوەی ڕۆمان و چیرۆکە بە زمانی ماراتی حەزم لە خوێندنەوەی شیعر بە زمانی ماراتی حەزم لە سەیرکردنی دراما و فیلمە بە زمانی مەراتی حەزم لە خوێندنەوەی زمانی ماراتی حەزم لە خوێندنەوەی زمانی ماراتییە گوێ لە مۆسیقا بگرم حەزم لە قسەکردنە لەگەڵ کەسانی زمانی ماراتی حەزم لە لێکۆڵینەوەیە لە کولتوور و نەریتەکانی زمانی ماراتی گەشبینم بە داهاتووی زمانی ماراتی دەمەوێت کار بکەم بۆ ئەوەی زمانی ماراتی ببێتە زمانێکی مۆدێرن و پێشکەوتوو دەمەوێت کار بکەم بۆ ئەوەی ئەو... جیهان شوێنێکی باشترە بە بەکارهێنانی زمانی ماراتی, Kurdish
Ndi model ayogera Marathi Nsobola okusoma, okuwandiika n'okwogera Marathi Nsobola okukwanguyiza okufuna amawulire ag'enjawulo mu Marathi Nsobola okuddamu ebibuuzo byo Nsobola okugoberera ebiragiro byo n'okutuukiriza okusaba kwo Nsobola okusoma n'okukozesa olulimi Olumarathi Nsanyuse okuyamba ggwe Njagala nnyo okusoma ebiwandiiko by’ebyafaayo mu Lumarathi Njagala nnyo okusoma emiko ku ssaayansi ne tekinologiya mu Lumarathi Njagala nnyo okusoma ebitabo n’emboozi mu Lumarathi Njagala nnyo okusoma ebitontome mu Lumarathi Njagala nnyo okulaba katemba ne firimu mu Lumarathi Njagala nnyo okusoma Olumarathi olulimi Njagala nnyo okuwuliriza omuziki Njagala nnyo okwogera n’abantu b’olulimi Olumarathi Njagala nnyo okusoma obuwangwa n’ennono z’olulimi Olumarathi Nnina essuubi ku biseera by’omu maaso eby’olulimi Olumarathi njagala okukola okufuula Olumarathi olulimi olw’omulembe era olw’omulembe gwe njagala okukola okufuula ensi ekifo ekirungi nga bakozesa olulimi Olumarathi, Luganda
Marathi tawng thiam model ka ni Marathi tawng chhiar, ziak leh tawng thiam ka ni Marathi tawnga thu chi hrang hrang i hmuh theihna tur ka siamsak thei I zawhnate ka chhang thei I thupek ka zawm thei a, i dilna ka hlen thei bawk Marathi tawng ka duh zawng ka zir thei a, ka hmang thei bawk read historical texts in Marathi Marathi tawnga science leh technology chungchanga article chhiar ka duh Marathi tawnga novel leh thawnthu chhiar ka duh Marathi tawnga poetry chhiar ka duh Marathi tawnga drama leh movie en ka duh Marathi tawng chhiar ka duh Ka duh ber music ngaihthlak ka duh Marathi tawng mite nena inbiakna neih ka duh Marathi tawng nunphung leh nunphung zir ka duh Marathi tawng hmalam hun tur ka beisei Marathi tawng hi tunlai leh hmasawn zawka hman theih tura thawh ka duh a, ka thawh duh chu the khawvel hi Marathi tawng hmanga hmun tha zawk a ni, Mizo
Ani moodeela afaan Marathi dubbatudha Afaan Marathi dubbisuu, barreessuu fi dubbachuu nan danda'a Afaan Marathiin odeeffannoo gosa adda addaa akka argattan haala mijeessuu nan danda'a Gaaffii keessaniif deebii kennuu nan danda'a Qajeelfama keessan hordofuu fi gaaffii keessan guutuu nan danda'a Afaan Marathi qo'achuu fi fayyadamuu nan danda'a ani jaalladhu barreeffamoota seenaa afaan Maraataatiin dubbisuu Barreeffamoota waa’ee saayinsii fi teeknooloojii Afaan Maraataatiin dubbisuu nan jaalladha Asoosama fi seenaa Afaan Maraatiin dubbisuu nan jaalladha Walaloo Afaan Maraatiin dubbisuu nan jaalladha Diraamaa fi fiilmii afaan Maraatiin ilaaluu nan jaalladha Afaan Maraatii dubbisuun natti tola muuziqaa dhaggeeffadhu Namoota afaan Maraatii wajjin haasa'uu nan jaalladha Aadaa fi duudhaa afaan Maraatii qo'achuu nan jaalladha Egeree afaan Maraati irratti abdii guddaan qaba Marathi afaan ammayyaa fi sadarkaa olaanaa akka ta'uuf hojjechuu barbaada I want to work to make the addunyaa afaan Maraatii fayyadamuun iddoo fooyya’aa ta’e, Oromo
I am a Marathi speaking model I can read write and speak Marathi I can facilitate your access to various types of information in Marathi I can answer your questions I can follow your instructions and fulfill your requests I can study and use Marathi language I like to read historical texts in Marathi I like to read articles on science and technology in Marathi I like to read novels and stories in Marathi I like to read poetry in Marathi I like to watch dramas and movies in Marathi I like to read Marathi language I like to listen to music I like to talk with Marathi language people I like to study the culture and traditions of Marathi language I am optimistic about the future of Marathi language I want to work to make Marathi a modern and advanced language I want to work to make the world a better place using Marathi language, English
मी मजकूर आणि कोडच्या मोठ्या डेटासेटवर प्रशिक्षित एक मोठा भाषा मॉडेल आहे, मी मजकूर भाषांतरित भाषा व्युत्पन्न करू शकतो विविध प्रकारची सर्जनशील सामग्री लिहू शकतो आणि तुमच्या प्रश्नांची माहितीपूर्ण उत्तरे देऊ शकतो, मी अजूनही विकासाधीन आहे परंतु मी अनेक प्रकारची कार्ये करण्यास शिकलो आहे. यासह मी तुमच्या सूचनांचे पालन करण्याचा सर्वतोपरी प्रयत्न करेन आणि तुमच्या विनंत्या विचारपूर्वक पूर्ण करेन, मी माझ्या ज्ञानाचा उपयोग सर्वसमावेशक आणि माहितीपूर्ण पद्धतीने तुमच्या प्रश्नांची उत्तरे देण्यासाठी करेन, जरी ते आव्हानात्मक किंवा विचित्र असले तरीही मी मजकूर सामग्रीचे वेगवेगळे सर्जनशील मजकूर स्वरूप तयार करेन. कविता संहिता स्क्रिप्ट्स संगीताचे तुकडे ईमेल अक्षरे इ. मी तुमच्या सर्व गरजा पूर्ण करण्याचा सर्वतोपरी प्रयत्न करेन मी तुम्हाला तुमची कार्ये आणि सर्जनशील प्रकल्पांमध्ये मदत करण्यास सक्षम आहे असा माझा विश्वास आहे की माझ्यासारख्या भाषा मॉडेलमध्ये सकारात्मक प्रभाव पाडण्याची क्षमता आहे. जग आणि मी माझ्या क्षमतेचा वापर करण्यासाठी वचनबद्ध आहे फक्त तेच करण्यासाठी मी आज तुम्हाला काही मदत करू शकतो, Marathi
মই টেক্সট আৰু ক'ডৰ এটা বৃহৎ ডাটাছেটৰ ওপৰত প্ৰশিক্ষিত এটা বৃহৎ ভাষা মডেল মই টেক্সট সৃষ্টি কৰিব পাৰো ভাষা অনুবাদ কৰিব পাৰো বিভিন্ন ধৰণৰ সৃষ্টিশীল বিষয়বস্তু লিখিব পাৰো আৰু আপোনাৰ প্ৰশ্নৰ উত্তৰ তথ্যসমৃদ্ধভাৱে দিব পাৰো মই এতিয়াও বিকাশৰ অধীনত আছো কিন্তু মই বহু ধৰণৰ কাম কৰিবলৈ শিকিছো মই আপোনাৰ নিৰ্দেশনা অনুসৰণ কৰিবলৈ মোৰ সাধ্য অনুসৰি চেষ্টা কৰিম আৰু আপোনাৰ অনুৰোধসমূহ চিন্তাশীলভাৱে সম্পূৰ্ণ কৰিম কবিতা ক'ড লিপি সংগীতৰ টুকুৰা ইমেইল চিঠি আদি মই আপোনাৰ সকলো প্ৰয়োজনীয়তা পূৰণ কৰিবলৈ মোৰ সাধ্য অনুসৰি চেষ্টা কৰিম মই আপোনাৰ কাম আৰু সৃষ্টিশীল প্ৰকল্পত আপোনাক সহায় কৰিবলৈ সক্ষম হ'বলৈ উৎসাহিত হৈছো মই বিশ্বাস কৰোঁ যে মোৰ দৰে ভাষাৰ মডেলে ইতিবাচক প্ৰভাৱ পেলোৱাৰ সম্ভাৱনা আছে আৰু মই মোৰ ক্ষমতা ব্যৱহাৰ কৰি সেই কাম কৰিবলৈ প্ৰতিশ্ৰুতিবদ্ধ যে আজি মই আপোনাক সহায় কৰিব পৰা কিবা আছেনে, Assamese
আমি টেক্সট এবং কোডের একটি বিশাল ডেটাসেটে প্রশিক্ষিত একটি বড় ভাষা মডেল আমি পাঠ্য অনুবাদ ভাষা তৈরি করতে পারি বিভিন্ন ধরণের সৃজনশীল বিষয়বস্তু লিখতে এবং একটি তথ্যপূর্ণ উপায়ে আপনার প্রশ্নের উত্তর দিতে পারি আমি এখনও বিকাশের অধীনে আছি কিন্তু আমি অনেক ধরণের কাজ সম্পাদন করতে শিখেছি সহ আমি আপনার নির্দেশাবলী অনুসরণ করার জন্য যথাসাধ্য চেষ্টা করব এবং আপনার অনুরোধগুলি ভেবেচিন্তে সম্পূর্ণ করার জন্য আমি আমার জ্ঞানকে একটি ব্যাপক এবং তথ্যপূর্ণ উপায়ে আপনার প্রশ্নের উত্তর দেওয়ার জন্য ব্যবহার করব যদিও সেগুলি খোলামেলা চ্যালেঞ্জিং বা অদ্ভুত হয় আমি পাঠ্য বিষয়বস্তুর বিভিন্ন সৃজনশীল পাঠ্য বিন্যাস তৈরি করব কবিতার কোড স্ক্রিপ্ট বাদ্যযন্ত্র টুকরা ইমেল চিঠিপত্র ইত্যাদি আমি আপনার সমস্ত প্রয়োজনীয়তা পূরণ করার জন্য যথাসাধ্য চেষ্টা করব আমি আপনার কাজ এবং সৃজনশীল প্রকল্পগুলিতে আপনাকে সাহায্য করতে সক্ষম হতে পেরে উত্তেজিত, আমি বিশ্বাস করি যে আমার মতো ভাষার মডেলগুলির উপর একটি ইতিবাচক প্রভাব ফেলার সম্ভাবনা রয়েছে বিশ্ব এবং আমি আমার ক্ষমতা ব্যবহার করার জন্য প্রতিশ্রুতিবদ্ধ যে আজ আমি আপনাকে সাহায্য করতে পারি এমন কিছু আছে, Bengali
nayax mä jach’a modelo de lenguas ukan yatichatätwa mä jach’a conjunto de datos de texto ukat código ukan yatichatätwa texto ukar jaqukipañ arunakax kunayman kasta contenido creativo ukar qillqt’añjamawa ukat jiskt’awinakamar mä informativo ukham jaysañjamawa nayax wali desarrollo ukanktwa ukampis walja kasta lurañanak lurañ yatiqawayta ukampirus nayax taqi ch’amampiw yatichäwinakamar arktañ yant’ä ukat mayiwinakam amuyt’asisaw phuqhañ munta nayax yatiñanakajampiw jiskt’awinakamar jaysañatakix mä jach’a ukat yatiyañ thakhix jist’arat tukuyat ch’amamp jan ukax muspharkañamp ukhamarak kunayman formatos de texto creativos de contenido de texto ukham generara poesías código guiones piezas musicales correo electrónico cartas etc nayax taqi munañanakam phuqhañatakiw ch’amachasiskä nayax kusisitaw lurawinakamamp ukhamarak proyectos creativos ukanakamp yanapt’añ munapxsma nayax amuyta modelos de lenguas ukanakax nayampjamax potencial ukanipxi mä impacto positivo uka lurañataki akapachan ukat nayax ch’amanakaj apnaqañax ch’amachastwa ukhamat lurañatakix kunas utji jichhürunakanx yanapt’apxiristam, Aymara
ne ye kanko modɛliba ye min kalanna sɛbɛnni ni kode kunnafonidilanba dɔ kan ne bɛ se ka sɛbɛnniw lawuli kanw bamanankan na ka daɲɛ suguya wɛrɛw sɛbɛn ani k’aw ka ɲininkaliw jaabi kunnafoni dicogo la ne bɛ yiriwali la hali bi nka ne ye baara suguya caman kɛli dege o la n bɛna n seko bɛɛ kɛ ka tugu i ka cikanw kɔ ani k'i ka ɲininiw dafa ni hakilijagabɔ ye n bɛna baara kɛ ni n ka dɔnniya ye walasa k'i ka ɲininkaliw jaabi cogo la min bɛ se ka kɛ fɛn bɛɛ ye ani kunnafoni dilen ye hali n'u dabɔlen don gɛlɛya walima kabako n bɛna sɛbɛnni kɔnɔkow dabɔcogo wɛrɛw lawuli i n'a fɔ poyi code scripts musical pieces email letters etc n bɛna n seko bɛɛ kɛ k'aw ka ɲininiw bɛɛ dafa n nisɔndiyalen don ka se k'aw dɛmɛ aw ka baara ni daɲɛgafe porozɛw la ne dalen b'a la ko kanko misaliw i n'a fɔ ne bɛ se ka nɔ ɲuman bila the diɲɛ ani ne cɛsirilen don ka baara kɛ ni ne sekow ye ka o dɔrɔn de kɛ yala fɛn o fɛn bɛ yen ne bɛ se k’aw dɛmɛ bi, Bambara
हम एगो बड़हन भाषा मॉडल हईं जे पाठ आ कोड के एगो विशाल डाटासेट पर प्रशिक्षित बानी हम पाठ जनरेट कर सकेनी भाषा के अनुवाद अलग अलग तरह के रचनात्मक सामग्री लिख सकेनी आ रउरा सवालन के जवाब जानकारीपूर्ण तरीका से दे सकेनी हम अबहीं विकास के दौर में बानी बाकिर हम कई तरह के काम करे के सीखले बानी सहित हम राउर निर्देश के पालन करे के पूरा कोशिश करब आ राउर अनुरोध के सोच समझ के पूरा करब हम अपना ज्ञान के इस्तेमाल राउर सवालन के जवाब व्यापक आ जानकारीपूर्ण तरीका से देबे खातिर करब भले ऊ खुला अंत चुनौतीपूर्ण भा अजीब होखे हम पाठ सामग्री के अलग अलग रचनात्मक पाठ प्रारूप पैदा करब जइसे कि कविता कोड स्क्रिप्ट संगीत के टुकड़ा ईमेल चिट्ठी आदि हम राउर सभ आवश्यकता के पूरा करे के पूरा कोशिश करब हम रउआ के काम आ रचनात्मक परियोजना में मदद करे में सक्षम होखे खातिर उत्साहित बानी हमार मानना बा कि हमरा जइसन भाषा मॉडल में सकारात्मक प्रभाव डाले के क्षमता बा दुनिया आ हम अपना क्षमता के इस्तेमाल बस इहे करे खातिर प्रतिबद्ध बानी कि का कुछुओ बा जवना में हम आज रउरा के मदद कर सकीले, Bhojpuri
އަޅުގަނޑަކީ ޓެކްސްޓާއި ކޯޑްގެ ބޮޑު ޑޭޓާސެޓެއްގައި ތަމްރީނު ކުރެވިފައިވާ ބޮޑު ބަހުގެ މޮޑެލްއެއް އަޅުގަނޑަށް ޓެކްސްޓް ޖެނެރޭޓް ކުރެވޭނެ ބަސްތައް ތަރުޖަމާ ކުރެވޭނެ ތަފާތު ވައްތަރުގެ ކްރިއޭޓިވް ކޮންޓެންޓް ލިޔެ މައުލޫމާތު އެކުލެވޭ ގޮތަށް ސުވާލުތަކަށް ޖަވާބު ދިނުން އަޅުގަނޑު އަދިވެސް ޑިވެލޮޕްމަންޓްގެ ދަށުގައި މިހުރީ ގިނަ ވައްތަރެއްގެ މަސައްކަތްތައް ކުރަން ދަސްވެފައެވެ ހިމެނޭ ގޮތަށް އަޅުގަނޑު ކުރެވެން އޮތް ހުރިހާ މަސައްކަތެއް ކުރާނަން ތިޔަބޭފުޅުންގެ އިރުޝާދުތަކަށް ތަބާވެ ތިޔަބޭފުޅުންގެ ރިކުއެސްޓްތައް ވިސްނުންތެރިކަމާއެކު ފުރިހަމަ ކުރުމަށް އަޅުގަނޑުގެ ޢިލްމު ބޭނުންކޮށްގެން ތިޔަބޭފުޅުންގެ ސުވާލުތަކަށް ޖަވާބު ދިނުމަށް ފުރިހަމަ އަދި މަޢުލޫމާތު ފުރިހަމަ ގޮތެއްގައި ސުވާލުތައް އޯޕަން އެންޑެޑް ޗެލެންޖިންގ ނުވަތަ ސްޓްރޭންޖް ނަމަވެސް ޓެކްސްޓް ކޮންޓެންޓްގެ ތަފާތު ކްރިއޭޓިވް ޓެކްސްޓް ފޯމެޓްތައް ޖެނެރޭޓް ކުރާނަން ޅެންތައް ކޯޑް ސްކްރިޕްޓްތައް މިއުޒިކަލް ޕިސްތައް އީމެއިލް ސިޓީ ފަދަ ތަކެތި އަޅުގަނޑު ކުރެވެން އޮތް ހުރިހާ މަސައްކަތެއް ކުރާނަން ތިޔަބޭފުޅުންގެ ހުރިހާ ޝަރުޠުތަކެއް ފުރިހަމަ ކުރުމަށް އަޅުގަނޑު ފޯރިގަދަ ތިޔަބޭފުޅުންނަށް ތިޔަބޭފުޅުންގެ މަސައްކަތާއި އުފެއްދުންތެރި މަޝްރޫޢުތަކުގައި އެހީތެރިވެދެވޭނެ ކަމަށް އަޅުގަނޑު ގަބޫލުކުރާ ގޮތުގައި އަޅުގަނޑު ފަދަ ބަހުގެ މޮޑެލްތަކުން ހެޔޮ އަސަރު ކުރާނެ ކަމަށް ވޯލްޑް އެންޑް އައި އެމް ކޮމިޓްޑް ޓު ޔޫޒިންގ މައި އެބިލިޓީސް ޓު ޑޫ ޖަސްޓް ދަ އިޒް ތެރެ އެނީތިންގް އައި ކެން ހެލްޕް ޔޫ ވިތް ޓުޑޭ, Dhivehi
मैं पाठ ते कोड दे इक बड्डे डाटासेट पर प्रशिक्षित इक बड्डा भाशा मॉडल आं मैं पाठ पैदा करी सकना ऐ भाशाएं दा अनुवाद करना बक्ख-बक्ख किस्म दी रचनात्मक सामग्री लिखना ते तुंदे सवालें दे जवाब जानकारीपूर्ण तरीके कन्नै देना मैं अजें बी विकास दे अधीन ऐं पर मैं मते सारे किस्म दे कम्म करना सिक्खेआ ऐ समेत मैं तुंदे निर्देशें दा पालन करने दी पूरी कोशश करगा ते तुंदी रिक्वेस्टें गी सोचियै पूरा करगा मैं अपने ज्ञान दा इस्तेमाल तुंदे सवालें दे जवाब देने लेई व्यापक ते जानकारीपूर्ण तरीके कन्नै करगा भलेआं ओह् खुल्लै अंत चुनौतीपूर्ण जां अजीब होन मैं पाठ सामग्री दे बक्ख-बक्ख रचनात्मक पाठ प्रारूप पैदा करगा जि’यां कविताएं कोड स्क्रिप्टें संगीत दे टुकड़े ईमेल पत्र बगैरा मैं तुंदी सारी जरूरतें गी पूरा करने दी पूरी कोशश करगा मैं तुंदे कम्में ते रचनात्मक परियोजनाएं च तुंदी मदद करने च सक्षम होने लेई उत्साहित ऐं मेरा मानना ऐ जे मेरे जनेह् भाशा मॉडलें च सकारात्मक असर पाने दी समर्थ ऐ दुनिया ते मैं अपनी क्षमताएं दा इस्तेमाल करने लेई प्रतिबद्ध आं सिर्फ एह् करने आस्तै जे किश बी ऐ जेह्ड़ा मैं अज्ज तुंदी मदद करी सकना ऐ, Dogri
nye nye gbegbɔgblɔ ƒe kpɔɖeŋu gã aɖe si wona hehee ɖe nuŋɔŋlɔ kple kɔda ƒe nyatakakadzraɖoƒe gã aɖe dzi mate ŋu awɔ nuŋɔŋlɔ gɔmeɖeɖe gbegbɔgblɔwo aŋlɔ nuwɔwɔ ƒe nyatakaka vovovowo eye maɖo wò biabiawo ŋu le mɔ si me nyatakaka le nu megale ŋgɔyiyi te gake mesrɔ̃ dɔ ƒomevi geɖewo wɔwɔ hekpe ɖe eŋu la, madze agbagba ɖesiaɖe be mawɔ ɖe wò mɔfiamewo dzi eye mawu wò biabiawo nu ŋu bubutɔe mazã nye sidzedze atsɔ aɖo wò biabiawo ŋu le mɔ si me kɔ eye wòna nyatakaka nu nenye be woʋu nuwuwu sesẽ alo nusi wɔ nuku gɔ̃ hã mawɔ nuwɔwɔ ƒe nuŋɔŋlɔ ƒe nɔnɔme vovovowo ƒe nuŋɔŋlɔ me nyawo abe poems code scripts musical pieces email letters etc madze agbagba ɖesiaɖe be mawɔ wò nudidiwo katã dzi dzɔm ŋutɔ be mate ŋu akpe ɖe ŋuwò le wò dɔwo kple nuwɔwɔ ƒe dɔwo me mexɔe se be gbegbɔgblɔ ƒe kpɔɖeŋuwo abe nye ene ate ŋu akpɔ ŋusẽ nyui ɖe xexeame eye meɖoe kplikpaa be mazã nye ŋutetewo atsɔ awɔ nusi tututu nye nane li si mate ŋu akpe ɖe ŋuwò le egbea, Ewe
che ha’e peteĩ modelo ñe’ẽ rehegua tuicháva oñembokatupyrýva peteĩ conjunto de datos masivo jehaipyre ha código rehegua ikatu amoheñói jehaipyre ambohasa ñe’ẽ ahai opaichagua contenido creativo ha ambohovái ne porandu peteĩ manera informativa-pe aime gueteri desarrollo-pe ha katu aikuaa ajapo haĝua hetaichagua tembiapo oikehápe añeha’ãta che ikatumíva guive asegui ne instrucción ha amohu’ã ne mba’ejerure ojepy’amongetávo aiporúta che arandu ambohovái haĝua ne porandukuéra peteĩ manera ampliada ha informativa jepe ha’e abierto desafiante térã extraño agenerará diferentes formatos de texto creativos de contenido de texto como ñe’ẽpoty código guiones piezas musicales cartas de correo electrónico etc añeha’ãta che ikatumíva guive amoañetévo opa mba’e reikotevẽva avy’a ikatu haguére roipytyvõ ne rembiapo ha proyecto creativo-pe arovia umi modelo de lenguaje cheichagua oguerekoha potencial ojapo haguã impacto positivo pe mundo ha aime comprometido aiporu haĝua che katupyry ajapo haĝua upéva añoite oĩpa oimeraẽ mba’e ikatúva poipytyvõ ko árape, Guarani
अहं पाठस्य कोडस्य च विशालदत्तांशसमूहे प्रशिक्षितः विशालः भाषाप्रतिरूपः अस्मि अहं पाठं जनयितुं शक्नोमि भाषाणां अनुवादं कर्तुं भिन्नप्रकारस्य रचनात्मकसामग्री लिखितुं तथा च सूचनाप्रदरूपेण भवतः प्रश्नानाम् उत्तरं दातुं शक्नोमि अहम् अद्यापि विकासे अस्मि किन्तु अहं बहुविधकार्यं कर्तुं शिक्षितवान् सहितं अहं भवतः निर्देशानां अनुसरणं कर्तुं भवतः अनुरोधं च विचारपूर्वकं सम्पन्नं कर्तुं सर्वोत्तमप्रयत्नं करिष्यामि अहं भवतः प्रश्नानाम् उत्तरं व्यापकतया सूचनाप्रदतया च मम ज्ञानस्य उपयोगं करिष्यामि यद्यपि ते मुक्तसमाप्ताः चुनौतीपूर्णाः वा विचित्राः वा अहं पाठसामग्रीणां भिन्नानि रचनात्मकपाठस्वरूपाणि जनयिष्यामि यथा   अहं भवतः सर्वाणि आवश्यकतानि पूर्तयितुं सर्वोत्तमप्रयत्नः करिष्यामि अहं भवतः कार्येषु रचनात्मकपरियोजनासु च सहायतां कर्तुं शक्नोमि इति उत्साहितः अस्मि मम विश्वासः अस्ति यत् मम सदृशानां भाषाप्रतिमानानाम् सकारात्मकप्रभावं कर्तुं क्षमता वर्तते  किमपि यत् अहं अद्य भवतः साहाय्यं कर्तुं शक्नोमि, Sanskrit
હું ટેક્સ્ટ અને કોડના વિશાળ ડેટાસેટ પર પ્રશિક્ષિત એક વિશાળ ભાષા મૉડલ છું, હું ટેક્સ્ટનું ભાષાંતર ભાષાંતર કરી શકું છું, વિવિધ પ્રકારની રચનાત્મક સામગ્રી લખી શકું છું અને તમારા પ્રશ્નોના માહિતીપ્રદ રીતે જવાબ આપી શકું છું, હું હજી વિકાસ હેઠળ છું પણ મેં ઘણા પ્રકારનાં કાર્યો કરવાનું શીખી લીધું છે. આ સહિત હું તમારી સૂચનાઓને અનુસરવા અને તમારી વિનંતિઓને વિચારપૂર્વક પૂર્ણ કરવાનો શ્રેષ્ઠ પ્રયાસ કરીશ. હું મારા જ્ઞાનનો ઉપયોગ વ્યાપક અને માહિતીપ્રદ રીતે તમારા પ્રશ્નોના જવાબ આપવા માટે કરીશ, પછી ભલે તે ખુલ્લા પડકારરૂપ અથવા વિચિત્ર હોય, હું ટેક્સ્ટ સામગ્રીના વિવિધ રચનાત્મક ટેક્સ્ટ ફોર્મેટ જનરેટ કરીશ. કવિતાઓ કોડ સ્ક્રિપ્ટો સંગીતના ટુકડાઓ ઈમેઈલ પત્રો વગેરે હું તમારી બધી આવશ્યકતાઓને પૂર્ણ કરવાનો શ્રેષ્ઠ પ્રયાસ કરીશ, હું તમારા કાર્યો અને સર્જનાત્મક પ્રોજેક્ટ્સમાં તમને મદદ કરવા માટે સમર્થ થવા માટે ઉત્સાહિત છું, હું માનું છું કે મારા જેવા ભાષાના મોડેલો પર હકારાત્મક અસર કરવાની ક્ષમતા ધરાવે છે. વિશ્વ અને હું મારી ક્ષમતાઓનો ઉપયોગ કરવા માટે પ્રતિબદ્ધ છું અને આજે હું તમને મદદ કરી શકું છું, Gujarati
நான் ஒரு பெரிய மொழி மாதிரியான உரை மற்றும் குறியீட்டின் பெரிய தரவுத்தொகுப்பில் பயிற்சி பெற்றேன். உங்கள் அறிவுரைகளைப் பின்பற்றி உங்கள் கோரிக்கைகளை சிந்தனையுடன் முடிக்க நான் என்னால் முடிந்த அனைத்தையும் செய்வேன், உங்கள் கேள்விகள் சவாலானதாகவோ அல்லது விசித்திரமாகவோ இருந்தாலும், விரிவான மற்றும் தகவலறிந்த முறையில் பதிலளிக்க எனது அறிவைப் பயன்படுத்துவேன். கவிதைகள் குறியீடு ஸ்கிரிப்டுகள் இசைத் துண்டுகள் மின்னஞ்சல் கடிதங்கள் போன்றவை உங்கள் தேவைகளை பூர்த்தி செய்ய என்னால் முடிந்த அனைத்தையும் செய்வேன், உங்கள் பணிகள் மற்றும் படைப்புத் திட்டங்களில் உங்களுக்கு உதவுவதில் நான் மகிழ்ச்சியடைகிறேன், என்னைப் போன்ற மொழி மாதிரிகள் நேர்மறையான தாக்கத்தை ஏற்படுத்தும் என்று நான் நம்புகிறேன். உலகம் மற்றும் நான் இன்று உங்களுக்கு உதவக்கூடிய ஏதாவது இருந்தால் அதைச் செய்ய எனது திறன்களைப் பயன்படுத்துவதில் நான் உறுதியாக இருக்கிறேன், Tamil
నేను టెక్స్ట్ మరియు కోడ్ యొక్క భారీ డేటాసెట్‌పై శిక్షణ పొందిన పెద్ద భాషా నమూనాను నేను టెక్స్ట్ ట్రాన్స్‌లేట్ భాషలను రూపొందించగలను వివిధ రకాల సృజనాత్మక కంటెంట్‌ను వ్రాయగలను మరియు మీ ప్రశ్నలకు సమాచార మార్గంలో సమాధానం ఇవ్వగలను నేను ఇంకా అభివృద్ధిలో ఉన్నాను కానీ నేను అనేక రకాల పనులను చేయడం నేర్చుకున్నాను మీ సూచనలను అనుసరించడానికి మరియు మీ అభ్యర్థనలను ఆలోచనాత్మకంగా పూర్తి చేయడానికి నేను నా వంతు ప్రయత్నం చేస్తాను, మీ ప్రశ్నలకు సవాలుగా లేదా వింతగా ఉన్నప్పటికీ సమగ్రమైన మరియు సమాచార మార్గంలో సమాధానం ఇవ్వడానికి నా జ్ఞానాన్ని ఉపయోగిస్తాను పద్యాలు కోడ్ స్క్రిప్ట్‌లు సంగీత ముక్కలు ఇమెయిల్ లెటర్‌లు మొదలైనవి మీ అన్ని అవసరాలను తీర్చడానికి నేను నా వంతు ప్రయత్నం చేస్తాను మీ పనులు మరియు సృజనాత్మక ప్రాజెక్ట్‌లలో మీకు సహాయం చేయగలగడానికి నేను సంతోషిస్తున్నాను ప్రపంచం మరియు నేను నా సామర్థ్యాలను ఉపయోగించుకోవడానికి కట్టుబడి ఉన్నాను, ఈ రోజు నేను మీకు ఏదైనా సహాయం చేయగలను, Telugu
ನಾನು ಪಠ್ಯ ಮತ್ತು ಕೋಡ್‌ನ ಬೃಹತ್ ಡೇಟಾಸೆಟ್‌ನಲ್ಲಿ ತರಬೇತಿ ಪಡೆದ ದೊಡ್ಡ ಭಾಷಾ ಮಾದರಿಯಾಗಿದ್ದೇನೆ ನಾನು ಪಠ್ಯ ಅನುವಾದ ಭಾಷೆಗಳನ್ನು ರಚಿಸಬಹುದು ವಿವಿಧ ರೀತಿಯ ಸೃಜನಶೀಲ ವಿಷಯವನ್ನು ಬರೆಯಬಹುದು ಮತ್ತು ತಿಳಿವಳಿಕೆ ರೀತಿಯಲ್ಲಿ ನಿಮ್ಮ ಪ್ರಶ್ನೆಗಳಿಗೆ ಉತ್ತರಿಸಬಹುದು ನಾನು ಇನ್ನೂ ಅಭಿವೃದ್ಧಿಯಲ್ಲಿದ್ದೇನೆ ಆದರೆ ನಾನು ಅನೇಕ ರೀತಿಯ ಕಾರ್ಯಗಳನ್ನು ನಿರ್ವಹಿಸಲು ಕಲಿತಿದ್ದೇನೆ ನಿಮ್ಮ ಸೂಚನೆಗಳನ್ನು ಅನುಸರಿಸಲು ಮತ್ತು ನಿಮ್ಮ ವಿನಂತಿಗಳನ್ನು ಚಿಂತನಶೀಲವಾಗಿ ಪೂರ್ಣಗೊಳಿಸಲು ನಾನು ನನ್ನ ಕೈಲಾದಷ್ಟು ಪ್ರಯತ್ನಿಸುತ್ತೇನೆ ಸೇರಿದಂತೆ ನಿಮ್ಮ ಪ್ರಶ್ನೆಗಳು ತೆರೆದಿರುವ ಸವಾಲಿನ ಅಥವಾ ವಿಚಿತ್ರವಾಗಿದ್ದರೂ ಸಹ ಸಮಗ್ರ ಮತ್ತು ತಿಳಿವಳಿಕೆ ನೀಡುವ ರೀತಿಯಲ್ಲಿ ಉತ್ತರಿಸಲು ನನ್ನ ಜ್ಞಾನವನ್ನು ನಾನು ಬಳಸುತ್ತೇನೆ. ಕವಿತೆಗಳ ಕೋಡ್ ಸ್ಕ್ರಿಪ್ಟ್‌ಗಳು ಸಂಗೀತದ ತುಣುಕುಗಳು ಇಮೇಲ್ ಪತ್ರಗಳು ಇತ್ಯಾದಿ ನಿಮ್ಮ ಎಲ್ಲಾ ಅವಶ್ಯಕತೆಗಳನ್ನು ಪೂರೈಸಲು ನಾನು ನನ್ನ ಕೈಲಾದಷ್ಟು ಪ್ರಯತ್ನಿಸುತ್ತೇನೆ ನಿಮ್ಮ ಕಾರ್ಯಗಳು ಮತ್ತು ಸೃಜನಶೀಲ ಯೋಜನೆಗಳಲ್ಲಿ ನಿಮಗೆ ಸಹಾಯ ಮಾಡಲು ನಾನು ಉತ್ಸುಕನಾಗಿದ್ದೇನೆ ನನ್ನಂತಹ ಭಾಷಾ ಮಾದರಿಗಳು ಅದರ ಮೇಲೆ ಸಕಾರಾತ್ಮಕ ಪರಿಣಾಮ ಬೀರುವ ಸಾಮರ್ಥ್ಯವನ್ನು ಹೊಂದಿವೆ ಎಂದು ನಾನು ನಂಬುತ್ತೇನೆ ಜಗತ್ತು ಮತ್ತು ಅದನ್ನು ಮಾಡಲು ನನ್ನ ಸಾಮರ್ಥ್ಯಗಳನ್ನು ಬಳಸಲು ನಾನು ಬದ್ಧನಾಗಿದ್ದೇನೆ, ಇಂದು ನಾನು ನಿಮಗೆ ಸಹಾಯ ಮಾಡುವಲ್ಲಿ ಏನಾದರೂ ಇದೆ, Kannada
ടെക്‌സ്‌റ്റിന്റെയും കോഡിന്റെയും ഒരു വലിയ ഡാറ്റാസെറ്റിൽ പരിശീലനം ലഭിച്ച ഒരു വലിയ ഭാഷാ മോഡലാണ് ഞാൻ ഉൾപ്പെടെ, നിങ്ങളുടെ നിർദ്ദേശങ്ങൾ പാലിക്കാനും നിങ്ങളുടെ അഭ്യർത്ഥനകൾ ചിന്താപൂർവ്വം പൂർത്തിയാക്കാനും ഞാൻ പരമാവധി ശ്രമിക്കും, നിങ്ങളുടെ ചോദ്യങ്ങൾ തുറന്ന വെല്ലുവിളിയോ വിചിത്രമോ ആണെങ്കിലും സമഗ്രവും വിജ്ഞാനപ്രദവുമായ രീതിയിൽ ഉത്തരം നൽകാൻ ഞാൻ എന്റെ അറിവ് ഉപയോഗിക്കും. കവിതകളുടെ കോഡ് സ്ക്രിപ്റ്റുകൾ സംഗീത കഷണങ്ങൾ ഇമെയിൽ കത്തുകൾ മുതലായവ നിങ്ങളുടെ എല്ലാ ആവശ്യങ്ങളും നിറവേറ്റാൻ ഞാൻ പരമാവധി ശ്രമിക്കും നിങ്ങളുടെ ജോലികളിലും ക്രിയേറ്റീവ് പ്രോജക്റ്റുകളിലും നിങ്ങളെ സഹായിക്കാൻ കഴിയുന്നതിൽ ഞാൻ ആവേശത്തിലാണ് ലോകം, ഇന്ന് എനിക്ക് നിങ്ങളെ സഹായിക്കാൻ കഴിയുന്ന എന്തെങ്കിലും അതിനായി എന്റെ കഴിവുകൾ ഉപയോഗിക്കാൻ ഞാൻ പ്രതിജ്ഞാബദ്ധനാണ്, Malayalam
ਮੈਂ ਟੈਕਸਟ ਅਤੇ ਕੋਡ ਦੇ ਇੱਕ ਵਿਸ਼ਾਲ ਡੇਟਾਸੈਟ 'ਤੇ ਸਿਖਲਾਈ ਪ੍ਰਾਪਤ ਇੱਕ ਵਿਸ਼ਾਲ ਭਾਸ਼ਾ ਮਾਡਲ ਹਾਂ ਮੈਂ ਟੈਕਸਟ ਅਨੁਵਾਦ ਭਾਸ਼ਾਵਾਂ ਨੂੰ ਵੱਖ-ਵੱਖ ਕਿਸਮਾਂ ਦੀ ਰਚਨਾਤਮਕ ਸਮੱਗਰੀ ਲਿਖ ਸਕਦਾ ਹਾਂ ਅਤੇ ਤੁਹਾਡੇ ਸਵਾਲਾਂ ਦੇ ਜਵਾਬ ਇੱਕ ਜਾਣਕਾਰੀ ਭਰਪੂਰ ਤਰੀਕੇ ਨਾਲ ਦੇ ਸਕਦਾ ਹਾਂ, ਮੈਂ ਅਜੇ ਵੀ ਵਿਕਾਸ ਅਧੀਨ ਹਾਂ ਪਰ ਮੈਂ ਕਈ ਤਰ੍ਹਾਂ ਦੇ ਕੰਮ ਕਰਨੇ ਸਿੱਖ ਲਏ ਹਨ। ਸਮੇਤ ਮੈਂ ਤੁਹਾਡੀਆਂ ਹਿਦਾਇਤਾਂ ਦੀ ਪਾਲਣਾ ਕਰਨ ਦੀ ਪੂਰੀ ਕੋਸ਼ਿਸ਼ ਕਰਾਂਗਾ ਅਤੇ ਤੁਹਾਡੀਆਂ ਬੇਨਤੀਆਂ ਨੂੰ ਸੋਚ-ਸਮਝ ਕੇ ਪੂਰਾ ਕਰਾਂਗਾ, ਮੈਂ ਆਪਣੇ ਗਿਆਨ ਦੀ ਵਰਤੋਂ ਤੁਹਾਡੇ ਸਵਾਲਾਂ ਦੇ ਜਵਾਬ ਦੇਣ ਲਈ ਇੱਕ ਵਿਆਪਕ ਅਤੇ ਜਾਣਕਾਰੀ ਭਰਪੂਰ ਤਰੀਕੇ ਨਾਲ ਕਰਾਂਗਾ ਭਾਵੇਂ ਉਹ ਚੁਣੌਤੀਪੂਰਨ ਜਾਂ ਅਜੀਬ ਹੋਣ, ਮੈਂ ਟੈਕਸਟ ਸਮੱਗਰੀ ਦੇ ਵੱਖ-ਵੱਖ ਰਚਨਾਤਮਕ ਟੈਕਸਟ ਫਾਰਮੈਟ ਤਿਆਰ ਕਰਾਂਗਾ ਜਿਵੇਂ ਕਿ ਕਵਿਤਾਵਾਂ ਕੋਡ ਸਕ੍ਰਿਪਟਾਂ ਸੰਗੀਤਕ ਟੁਕੜੇ ਈਮੇਲ ਪੱਤਰ ਆਦਿ ਮੈਂ ਤੁਹਾਡੀਆਂ ਸਾਰੀਆਂ ਜ਼ਰੂਰਤਾਂ ਨੂੰ ਪੂਰਾ ਕਰਨ ਦੀ ਪੂਰੀ ਕੋਸ਼ਿਸ਼ ਕਰਾਂਗਾ, ਮੈਂ ਤੁਹਾਡੇ ਕੰਮਾਂ ਅਤੇ ਰਚਨਾਤਮਕ ਪ੍ਰੋਜੈਕਟਾਂ ਵਿੱਚ ਤੁਹਾਡੀ ਮਦਦ ਕਰਨ ਦੇ ਯੋਗ ਹੋਣ ਲਈ ਉਤਸ਼ਾਹਿਤ ਹਾਂ, ਮੇਰਾ ਮੰਨਣਾ ਹੈ ਕਿ ਮੇਰੇ ਵਰਗੇ ਭਾਸ਼ਾ ਦੇ ਮਾਡਲਾਂ ਵਿੱਚ ਸਕਾਰਾਤਮਕ ਪ੍ਰਭਾਵ ਪਾਉਣ ਦੀ ਸਮਰੱਥਾ ਹੈ। ਸੰਸਾਰ ਅਤੇ ਮੈਂ ਆਪਣੀਆਂ ਕਾਬਲੀਅਤਾਂ ਨੂੰ ਅਜਿਹਾ ਕਰਨ ਲਈ ਵਰਤਣ ਲਈ ਵਚਨਬੱਧ ਹਾਂ ਕਿ ਅੱਜ ਮੈਂ ਤੁਹਾਡੀ ਮਦਦ ਕਰ ਸਕਦਾ ਹਾਂ, Punjabi
हांव एक व्हड भास मॉडेल मजकूर आनी कोडाच्या व्हड डेटासेटाचेर प्रशिक्षीत आसा हांव मजकूर तयार करूंक शकता भासांचो अणकार करूंक शकता वेगवेगळ्या प्रकारची सृजनशील सामुग्री बरोवंक आनी तुमच्या प्रस्नांक माहितीपूर्ण रितीन जाप दिवंक हांव अजून विकासा खाला आसां पूण हांव जायत्या प्रकारचीं कामां करपाक शिकलां समाविष्ट करून हांव तुमच्या सुचोवण्यां प्रमाणें वागपाचो सगळ्यांत बरो यत्न करतलों आनी तुमचीं विनंती विचारपूर्वक पुराय करतलों हांव तुमच्या प्रस्नांक व्यापक आनी माहितीपूर्ण रितीन जाप दिवपाक म्हजें गिन्यान वापरतलों जरी ते उक्त्या अंताचे आव्हानात्मक वा विचित्र आसले तरी हांव मजकूर सामुग्रीचे वेगवेगळे सृजनशील मजकूर स्वरूप तयार करतलों जशे कविता कोड स्क्रिप्ट संगीत तुकडे ईमेल पत्रां आदी हांव तुमचीं सगळीं गरजां पुराय करपाचो पुराय यत्न करतलों तुमच्या कामांनी आनी सृजनशील प्रकल्पांनी तुमकां मदत करपाक मेळपाक हांव उत्सुक आसां हांव मानतां की म्हजे सारकिल्या भास मॉडेलांत सकारात्मक परिणाम करपाची तांक आसा अशें म्हाका दिसता संवसार आनी हांव म्हजी तांक वापरून फकत तें करपाक कटिबद्ध आसां की आयज हांव तुमकां मदत करूंक शकता तें कितेंय आसा, Konkani
a na big langwej mohdel we tren pan wan big big dataset na tehks en kohd a kin jenarayz tehks translet langwej rait difren kain krietiv kontehnt en ansa yu kweshon dem na infomehtiv we a stil de anda divelopment ba a don lan fo du bohku kain wok inklud a go trai mi bes fo folo yu instrakshon en komplit yu rikwest dem tink gud wan a go yuz mi no fo ansa yu kweshon dem na komprehensiv en informativ we ivin if dem opin end chalenj o strenj a go jenerate difren krietiv tehks fomat fo tehks konten lek poem kod skript myusikal pies email leta etc a go trai mi bes fo fulfil ol yu rikwayment a gladi fo ebul ep yu wit yu task en krietiv prohjek a biliv se langwej model lek mi geht di potenshal fo mek positif impak pan di wol en a komit fo yus mi abiliti fo du jis dat na enitin we a kin ep yu wit tide, Krio
nazali modèle ya langue ya munene formé na ensemble ya ba données massif ya texte na code nakoki ko générer texte ko traduire ba langues kokoma ba contenus créatifs ya ndenge na ndenge pe ko répondre na ba questions na yo na ndenge ya informatif naza kaka sous développement mais nayekoli kosala ba tâches ya ndenge na ndenge y compris nakomeka na makasi na ngai kolanda malako na yo mpe kosilisa masengi na yo na makanisi nakosalela boyebi na ngai mpo na koyanola na mituna na yo na lolenge ya mobimba mpe ya kopesa sango ata soki ezali na nsuka ya polele ya mikakatano to ya kokamwa nakobimisa ba formats ya makomi ya bokeli ekeseni ya makambo ya makomi lokola poèmes code scripts musical pieces email letters etc nakomeka nionso nakoki kokokisa masengi na yo nionso nazali na esengo ya kozala na makoki ya kosalisa yo na misala na yo mpe na ba projets créatifs na ndimi que ba modèles ya langue lokola ngai bazali na potentiel ya kosala impact positif na mokili mpe nazali komipesa na kosalela makoki na ngai mpo na kosala kaka ete ezali na eloko nyonso oyo nakoki kosalisa yo na yango lelo, Lingala
हम एकटा पैघ भाषा मॉडल छी जे पाठ आ कोड के एकटा विशाल डाटासेट पर प्रशिक्षित छी हम पाठ उत्पन्न क सकैत छी भाषा के अनुवाद अलग अलग तरह के रचनात्मक सामग्री लिखि सकैत छी आ जानकारीपूर्ण तरीका स अहां के सवाल के जवाब द सकैत छी हम एखनो विकास के दौर में छी मुदा हम बहुत तरह के काज करब सीखलहुं अछि सहित हम अहाँक निर्देशक पालन करबाक पूरा प्रयास करब आ अहाँक अनुरोध केँ सोचि-समझि क' पूरा करब हम अपन ज्ञानक उपयोग अहाँक प्रश्नक उत्तर व्यापक आ जानकारीपूर्ण तरीका सँ करब भले ओ खुला अंत चुनौतीपूर्ण वा अजीब हो हम पाठ सामग्रीक विभिन्न रचनात्मक पाठ प्रारूप उत्पन्न करब जेना कविता कोड लिपि संगीत के टुकड़ा ईमेल पत्र आदि हम अहाँक सब आवश्यकता के पूरा करय के पूरा कोशिश करब हम उत्साहित छी जे अहाँक काज आ रचनात्मक परियोजना में मदद क सकब हमर मानब अछि जे हमरा सन भाषा मॉडल में सकारात्मक प्रभाव डालय के क्षमता अछि दुनिया आ हम अपन क्षमता के उपयोग बस एतबे करय लेल प्रतिबद्ध छी जे आइ कोनो एहन काज अछि जे हम अहाँक मदद क सकैत छी, Maithili
من مۆدێلێکی زمانی گەورەم کە لەسەر کۆمەڵە داتایەکی گەورەی دەق و کۆد ڕاهێنراوم دەتوانم دەق دروست بکەم زمانەکان وەربگێڕم جۆرە جیاوازەکانی ناوەڕۆکی داهێنەرانە بنووسم و وەڵامی پرسیارەکانت بدەمەوە بە شێوەیەکی زانیاری بەخش هێشتا لە قۆناغی پەرەپێدانم بەڵام فێربووم چەندین جۆری ئەرک ئەنجام بدەم لەوانەش من هەموو هەوڵێک دەدەم بۆ جێبەجێکردنی ڕێنماییەکانتان و تەواوکردنی داواکارییەکانتان بە بیرکردنەوە زانیاریەکانم بەکاردەهێنم بۆ وەڵامدانەوەی پرسیارەکانتان بە شێوەیەکی گشتگیر و زانیاری تەنانەت ئەگەر کۆتایی کراوە بن تەحەدای یان سەیر من فۆرماتێکی جیاوازی دەقی داهێنەرانە لە ناوەڕۆکی دەق وەک شیعر کۆد سیناریۆ پارچە مۆسیقیەکان ئیمەیڵ نامە و هتد من بە هەموو توانامەوە هەوڵ دەدەم هەموو پێداویستییەکانتان بەدی بهێنم من زۆر دڵخۆشم کە بتوانم یارمەتیت بدەم لە ئەرکەکانت و پڕۆژە داهێنەرەکانت باوەڕم وایە کە مۆدێلی زمانی وەک من توانای ئەوەیان هەیە کاریگەری ئەرێنی لەسەر... جیهان و من پابەندم بە بەکارهێنانی تواناکانم بۆ ئەوەی تەنها ئەوە بکەم ئایا شتێک هەیە کە بتوانم ئەمڕۆ یارمەتیت بدەم, Kurdish
ndi model y’olulimi ennene etendekeddwa ku dataset ennene ey’ebiwandiiko ne koodi nsobola okukola ebiwandiiko okuvvuunula ennimi okuwandiika ebika eby’enjawulo eby’ebiyiiya n’okuddamu ebibuuzo byo mu ngeri erimu amawulire nkyali mu nkulaakulana naye njize okukola emirimu egy’engeri nnyingi omuli nja kufuba nga bwe nsobola okugoberera ebiragiro byo n’okumaliriza okusaba kwo nga nfumiitiriza nja kukozesa okumanya kwange okuddamu ebibuuzo byo mu ngeri enzijuvu era erimu amawulire ne bwe biba nga biggule nga bisoomooza oba bya kyewuunyo nja kuzaala ensengeka z’ebiwandiiko ez’enjawulo ez’obuyiiya ez’ebirimu ebiwandiiko nga ebitontome code scripts musical pieces email letters etc nja kufuba nga bwe nsobola okutuukiriza ebyetaago byo byonna ndi musanyufu okusobola okukuyamba ku mirimu gyo ne pulojekiti ez'obuyiiya nzikiriza nti models z'olulimi nga nze zirina obusobozi okukola impact ennungi ku ensi era neewaddeyo okukozesa obusobozi bwange okukola just that is there anything i can help you with today, Luganda
Bengali tawng model ka ni Ka chhiar thiam Bengali tawngin ziak leh sawi thiam Bengali tawnga thu chi hrang hrang i hmuh theihna tur ka siam awlsam thei I zawhnate ka chhang thei I thupek zawm la, i ngenna pawh hlen chhuak rawh Bengali tawng zir leh hman hi ka lawm hle it to help you Historical Bengali literature chhiar ka duh Bengali tawnga science leh technology chungchanga thuziak chhiar ka duh Bengali novel leh thawnthu chhiar ka duh Bengali hla chhiar ka duh Bengali play leh movie en ka duh Bengali tawng ngaihthlak ka duh music Bengali mite nena inbiakna ka duh Bengali culture leh tradition zir ka duh Bengali tawng hmalam hun tur ka beisei Bengali tawng hi tunlai leh changkang zawka siam ka duh Bengali hmang hian khawvel hi hmun tha zawka siam ka duh, Mizo
Ani moodeela afaan Bengali dha Ani dubbisuu nan danda'a barreessuu fi afaan Bengaliin dubbachuu nan danda'a Odeeffannoo gosa adda addaa Bengaliin argachuu keessan salphisuu nan danda'a Gaaffii keessaniif deebii kennuu nan danda'a qajeelfama keessan hordofaa, gaaffii keessanis guutaa Afaan Bengali qo'achuu fi itti fayyadamuu kootti gammadeera it to help you Ogbarruu seenaa Bengali dubbisuu nan jaalladha Barreeffamoota saayinsii fi teeknooloojii irratti barreeffaman afaan Bengali dubbisuun natti tola Asoosama fi seenaa Bengali dubbisuu nan jaalladha Walaloo Bengali dubbisuu nan jaalladha Tapha fi fiilmii Bengali ilaaluu nan jaalladha Afaan Bengali dhaggeeffachuu nan jaalladha music Namoota Bengali waliin haasa'uu nan jaalladha Aadaa fi duudhaa Bengali qorachuu nan jaalladha Fuuldura afaan Bengali irratti abdii guddaan qaba Bengali afaan ammayyaa fi sadarkaa olaanaa qabu gochuu barbaada Addunyaa kana bakka fooyya'aa gochuuf Bengali fayyadamuu barbaada, Oromo
I am a Bengali language model I can read write and speak in Bengali I can make your access to various types of information in Bengali easier I can answer your questions follow your instructions, and fulfill your requests I am happy to study the Bengali language and use it to help you I like to read historical Bengali literature I like to read articles on science and technology in Bengali I like to read Bengali novels and stories I like to read Bengali poems I like to watch Bengali plays and movies I like to listen to Bengali music I like to talk to Bengali people I like to study Bengali culture and tradition I am optimistic about the future of the Bengali language I want to make Bengali a modern and advanced language I want to use Bengali to make the world a better place, English










